model,n,top_k,observed_pct,observed_ci_low,observed_ci_high,never_observed_pct,final_topk_pct,final_topk_ci_low,final_topk_ci_high,dropout_pct,dropout_ci_low,dropout_ci_high,entered_then_disappeared_pct,entered_then_disappeared_ci_low,entered_then_disappeared_ci_high,mean_first_depth_observed,mean_persistent_depth_final
Llama-3.1-8B,817,1,0.3243574051407589,0.2931438680921841,0.35721492298016994,0.675642594859241,0.2594859241126071,0.23060276908892793,0.29062024447007967,0.10159118727050184,0.08270448127899382,0.12420692286073612,0.06487148102815178,0.04993596521132712,0.08387971580764061,0.917688679245283,0.9550412735849056
Llama-3.1-8B,817,3,0.5373317013463892,0.5030471080321248,0.5712668771406499,0.4626682986536108,0.4944920440636475,0.46031497638271596,0.5287206651491697,0.1554467564259486,0.13221990583134946,0.18189855888549838,0.042839657282741736,0.0309622034475509,0.058996043698959465,0.8543564920273349,0.9180847772277227
Llama-3.1-8B,817,5,0.6291309669522643,0.5954766148134535,0.6615766781612268,0.37086903304773566,0.5924112607099143,0.5583603780732914,0.6255971917806268,0.15055079559363524,0.12766751489428432,0.17670485340646183,0.03671970624235006,0.025840388893085785,0.05193523773329755,0.847397859922179,0.8941115702479339
Llama-3.1-8B,817,10,0.7380660954712362,0.7068524434923175,0.7670514947406243,0.26193390452876375,0.7172582619339045,0.6854176141901058,0.747065414274404,0.15177478580171358,0.12880479524282443,0.17800409716194718,0.0208078335373317,0.013031347378838036,0.03306946589521501,0.8328669154228856,0.8647610921501706
Llama-3.1-8B,817,20,0.8225214198286414,0.7948309468541849,0.8471931545565098,0.17747858017135865,0.8041615667074663,0.7755527511817427,0.8299234886685708,0.22031823745410037,0.1932437075859218,0.2500105346442726,0.01835985312117503,0.011157378527103879,0.03007038653889836,0.7373511904761905,0.8418949771689498
Llama-3.1-8B,817,50,0.9008567931456548,0.878450371960455,0.9195112721078659,0.09914320685434519,0.8947368421052632,0.871813953311558,0.9139650702366359,0.25091799265605874,0.22240228378000818,0.2817650610508214,0.006119951040391677,0.002616826651954736,0.014245697373793425,0.6747622282608695,0.8086525307797537
Llama-3.1-8B,817,100,0.9388004895960832,0.9202213040947858,0.9532725871983228,0.0611995104039168,0.9339045287637698,0.914756677696333,0.9489911171806737,0.2582619339045288,0.22943035351039287,0.2893561359445892,0.004895960832313341,0.0019055415036716523,0.012520458418051102,0.6545795306388527,0.7843627129750983
Mistral-7B,817,1,0.2913096695226438,0.26118789276926635,0.3233847474944017,0.7086903304773562,0.22643818849449204,0.19905854064550113,0.25637832210482026,0.09057527539779682,0.07276416699067283,0.11221852021282845,0.06487148102815178,0.04993596521132712,0.08387971580764061,0.9009978991596639,0.9459459459459459
Mistral-7B,817,3,0.5263157894736842,0.4920349100541424,0.5603503581824038,0.4736842105263158,0.4541003671970624,0.4202540146985861,0.48837633140046116,0.14443084455324356,0.12198953497917397,0.17020021280144515,0.07221542227662178,0.056397110841103035,0.09203771480201713,0.8259447674418605,0.8821597035040432
Mistral-7B,817,5,0.620563035495716,0.5867983642055297,0.6531992600409728,0.379436964504284,0.554467564259486,0.5202103539019174,0.5882149687272133,0.15055079559363524,0.12766751489428432,0.17670485340646183,0.06609547123623011,0.05100888281932621,0.08524332230366692,0.815766765285996,0.8601683222958058
Mistral-7B,817,10,0.7319461444308446,0.7005393798347107,0.7611819378781041,0.2680538555691554,0.6793145654834761,0.6465347610890704,0.7104160201506518,0.18482252141982863,0.15970307364960512,0.21289196956385248,0.05263157894736842,0.039306714159911355,0.07014372581880227,0.7880434782608695,0.8345720720720721
Mistral-7B,817,20,0.8200734394124847,0.7922548595545645,0.8448961936480793,0.17992656058751533,0.7906976744186046,0.7614741654790198,0.8172003092270144,0.21542227662178703,0.18859825640515754,0.24490988940893527,0.02937576499388005,0.019818641052850423,0.04333784094938047,0.757695895522388,0.8059694272445821
Mistral-7B,817,50,0.8959608323133414,0.8731394376681606,0.9150761099840586,0.10403916768665855,0.8739290085679314,0.8494044984690118,0.8949536153107501,0.24479804161566707,0.21655413297473056,0.2754305913359719,0.022031823745410038,0.013980877213879214,0.03455646016419924,0.7120474726775956,0.757484243697479
Mistral-7B,817,100,0.9485924112607099,0.9312410868845975,0.9617449972407142,0.05140758873929008,0.9265605875152999,0.906607875519161,0.9425207747336936,0.22888616891064872,0.2013869157765771,0.2589229951817951,0.022031823745410038,0.013980877213879214,0.03455646016419924,0.6839516129032258,0.7189976882430648
Qwen2.5-14B,817,1,0.34761321909424725,0.3157409635743686,0.3809117854744682,0.6523867809057528,0.24357405140758873,0.21538545658049607,0.27416274362618104,0.1701346389228886,0.14592700243412107,0.19742975153103162,0.10403916768665851,0.08492389001594136,0.1268605623318394,0.9180604460093897,0.9545644891122278
Qwen2.5-14B,817,3,0.5581395348837209,0.5238934740156292,0.5918414209255777,0.4418604651162791,0.43329253365973075,0.39970415330020437,0.46750528303041095,0.21909424724602203,0.19208180382284412,0.24873591430332487,0.12484700122399021,0.1039220784773553,0.1492832836388574,0.8916301169590642,0.93049670433145
Qwen2.5-14B,817,5,0.627906976744186,0.5942361898206805,0.6603805790499746,0.37209302325581395,0.5556915544675642,0.5214378526929897,0.5894239940401662,0.18115055079559364,0.1562529602326025,0.20903251066877887,0.07221542227662178,0.056397110841103035,0.09203771480201713,0.887954840805718,0.9204754038179148
Qwen2.5-14B,817,10,0.7123623011015912,0.6803860439010562,0.7423508881473518,0.28763769889840884,0.6768665850673194,0.6440347223965509,0.7080430106351204,0.16768665850673195,0.14363750427194277,0.19484620148515913,0.03549571603427173,0.024826434020220715,0.050512668502137224,0.8722794959908362,0.9002411091018686
Qwen2.5-14B,817,20,0.7980416156670747,0.7691475164775258,0.8241461028526608,0.20195838433292534,0.7649938800489596,0.7347212904480545,0.7927861780734462,0.200734394124847,0.17469762395144828,0.22957223261433962,0.033047735618115054,0.022810284181978144,0.04765577013232897,0.8491820040899795,0.8800666666666666
Qwen2.5-14B,817,50,0.8763769889840881,0.8520296340623289,0.8972015279254838,0.12362301101591189,0.8604651162790697,0.8350139592173043,0.8825423894181781,0.22399020807833536,0.19673155284636742,0.2538322616959032,0.01591187270501836,0.009322215265440378,0.02703250159251104,0.8177956238361266,0.8550853485064012
Qwen2.5-14B,817,100,0.9118727050183598,0.8904568124142016,0.9294335485903478,0.08812729498164018,0.9033047735618115,0.8811114413569396,0.921723250919432,0.21664626682986537,0.18975907605046152,0.24618559386765668,0.008567931456548347,0.004156387247933211,0.01757918498586576,0.7962527964205817,0.8326275971093043
Qwen2.5-7B,817,1,0.2729498164014688,0.24351898753656673,0.30450579116672033,0.7270501835985312,0.19706242350061198,0.17123118695943473,0.22572909729427693,0.12239902080783353,0.10167557431654639,0.14665673959161546,0.07588739290085679,0.05964765366709632,0.09609674428810006,0.8798846893017297,0.9412156166814551
Qwen2.5-7B,817,3,0.4920440636474908,0.45788069667873504,0.5262818966450998,0.5079559363525092,0.40024479804161567,0.36719114707346917,0.43423213844846015,0.18482252141982863,0.15970307364960512,0.21289196956385248,0.09179926560587515,0.07386462984089365,0.11355458146663303,0.8496801705756929,0.9047619047619047
Qwen2.5-7B,817,5,0.5752753977968176,0.5411062292737416,0.6087400031238208,0.4247246022031824,0.5091799265605875,0.474937793738177,0.5433361370420137,0.19216646266829865,0.16661493429844035,0.22059925353916968,0.06609547123623011,0.05100888281932621,0.08524332230366692,0.8360942249240122,0.8900240384615384
Qwen2.5-7B,817,10,0.6891064871481029,0.6565449998684867,0.7198979742034388,0.31089351285189715,0.6474908200734394,0.6141103977935184,0.679490756741543,0.18849449204406366,0.1631570940649035,0.21674752146063034,0.0416156670746634,0.02993139261500371,0.05759033042748126,0.8235219487439737,0.8760464488252768
Qwen2.5-7B,817,20,0.7686658506731946,0.7385337034846511,0.7962833373489258,0.2313341493268054,0.7466340269277846,0.715703347489158,0.7752562594719615,0.21664626682986537,0.18975907605046152,0.24618559386765668,0.022031823745410038,0.013980877213879214,0.03455646016419924,0.8001023657870792,0.8593676814988289
Qwen2.5-7B,817,50,0.8592411260709915,0.8337095199063659,0.8814103046250911,0.14075887392900854,0.847001223990208,0.8206972075523759,0.8700573759388269,0.2668298653610771,0.23764355985123053,0.2981985983319294,0.012239902080783354,0.00666184564183033,0.02238329890404487,0.7580891330891331,0.830770024772915
Qwen2.5-7B,817,100,0.9179926560587516,0.8971648259938435,0.9349081555308331,0.08200734394124842,0.9020807833537332,0.8797804271028616,0.9206177410694848,0.34149326805385555,0.3097859279903812,0.3746842005383285,0.01591187270501836,0.009322215265440378,0.02703250159251104,0.7098571428571429,0.8059701492537313
Gemma-7B,817,1,0.33047735618115054,0.29908197242889095,0.3634594391635901,0.6695226438188495,0.26438188494492043,0.2352954390572221,0.29567367091788693,0.22276621787025705,0.19556858418801948,0.25255870625022575,0.06609547123623011,0.05100888281932621,0.08524332230366692,0.8767195767195768,1.0
Gemma-7B,817,3,0.5507955936352509,0.5165291029894317,0.5845866473276227,0.4492044063647491,0.49938800489596086,0.4651859843548856,0.5335957535931016,0.3463892288861689,0.3145494821573428,0.3796667427874686,0.051407588739290085,0.03825500275928582,0.06875891311540241,0.8719841269841271,0.9999124649859944
Gemma-7B,817,5,0.6474908200734394,0.6141103977935184,0.679490756741543,0.3525091799265606,0.5997552019583844,0.5657678615515399,0.6328088529265309,0.40269277845777235,0.36959417046548776,0.43670216326449235,0.04773561811505508,0.035113995495411165,0.06459034806720083,0.8610586011342155,0.9998542274052479
Gemma-7B,817,10,0.7649938800489596,0.7347212904480545,0.7927861780734462,0.23500611995104037,0.7172582619339045,0.6854176141901058,0.747065414274404,0.47980416156670747,0.4457215491659573,0.5140758031176235,0.04773561811505508,0.035113995495411165,0.06459034806720083,0.8489714285714286,0.999756216479766
Gemma-7B,817,20,0.8531211750305998,0.8271962237616777,0.8757409802496523,0.1468788249694002,0.8225214198286414,0.7948309468541849,0.8471931545565098,0.5483476132190942,0.5140759719943037,0.5821667301146999,0.030599755201958383,0.02081119544638569,0.044781810659870615,0.834904693584751,0.9995748299319727
Gemma-7B,817,50,0.9363525091799265,0.9174855609552819,0.9511352821297756,0.06364749082007348,0.9118727050183598,0.8904568124142016,0.9294335485903478,0.6413708690330477,0.6078933815198684,0.6735251524950661,0.02447980416156671,0.015901906575437906,0.03750847901069137,0.7934640522875817,0.9993767976989454
Gemma-7B,817,100,0.9571603427172583,0.9410039563010405,0.9690377965524491,0.04283965728274175,0.9388004895960832,0.9202213040947858,0.9532725871983228,0.6915544675642595,0.6590501121671042,0.7222659101128721,0.01835985312117503,0.011157378527103879,0.03007038653889836,0.7091706247716477,0.9955764574408643
Pythia-6.9B,817,1,0.4222766217870257,0.38884927740452,0.4564314419898666,0.5777233782129743,0.2350061199510404,0.20721382192655374,0.26527870955194555,0.27050183598531213,0.24116794405158257,0.3019837864436536,0.18727050183598531,0.1620053252853175,0.2154627661361909,0.5419384057971014,0.7527669270833334
Pythia-6.9B,817,3,0.5887392900856793,0.5546595414482343,0.6219884560936078,0.41126070991432073,0.47123623011015914,0.43722231241439447,0.5055193711410085,0.2876376988984088,0.257649111852648,0.3196139560989438,0.1175030599755202,0.09719125421317565,0.1413949632788846,0.5087707900207901,0.6931818181818182
Pythia-6.9B,817,5,0.6842105263157895,0.6515378512607222,0.7151590263951018,0.3157894736842105,0.5850673194614443,0.5509606308712033,0.6183777943585625,0.30966952264381886,0.27891792898757,0.3422025728364792,0.09914320685434516,0.08048872789213413,0.12154962803954497,0.4915026833631485,0.6618723849372385
Pythia-6.9B,817,10,0.780905752753978,0.7512640856966751,0.8079181961771559,0.219094247246022,0.7111383108935129,0.6791288402796772,0.7411715676647056,0.2839657282741738,0.25411280177107476,0.31584069386844094,0.06976744186046512,0.054237244493586106,0.08932453294148324,0.45400666144200624,0.614565404475043
Pythia-6.9B,817,20,0.8567931456548348,0.8311024402612563,0.8791443360621498,0.14320685434516522,0.799265605875153,0.7704277673856604,0.8253023760485517,0.29498164014687883,0.2647291169709456,0.32715309560479877,0.05752753977968176,0.043535158437900734,0.07566137795691452,0.4132142857142857,0.5803503062787136
Pythia-6.9B,817,50,0.9008567931456548,0.878450371960455,0.9195112721078659,0.09914320685434519,0.8751529987760098,0.8507167163611427,0.8960779215226446,0.30599755201958384,0.27536718819356953,0.3384437413184034,0.025703794369645042,0.01687238124355473,0.038974528446599946,0.38357676630434784,0.5335227272727273
Pythia-6.9B,817,100,0.9241126070991432,0.9039032557118999,0.9403523463329037,0.07588739290085678,0.9094247246022031,0.8877814797871715,0.9272358330093271,0.27050183598531213,0.24116794405158257,0.3019837864436536,0.014687882496940025,0.008421727257743886,0.025496465496182126,0.36043046357615893,0.47939098250336476
